Word,Frequency
food,3
livestream,1
livestreaming,1
foodcooking,1
cookingclass,1
livecooking,1
livecookingclass,1
sanjyotkeer,10
yourfoodlab,9
recipes,2
recipeoftheday,2
indiancuisine,8
streetfood,11
foodporn,14
foodphotography,3
streetfoodindia,9
kofta,1
koftarecipe,1
Malaikofta,1
instadaily,5
YFLapron,1
recipe,4
nachos,1
nachoslover,1
nachoscheese,1
cheese,1
cheeselover,1
nachostime,1
nachosoverload,1
foodstagram,1
dal,1
dalrecipe,1
dalkhichdi,1
mutton,4
muttonrecipes,4
muttonshami,2
foodie,7
mumbaifoodie,3
homemadefood,2
mango,1
mangoseason,1
mangolover,1
mangoes,1
mangomango,1
aam,1
homemade,1
aamkilaunji,1
indianfood,6
chicken,2
chickenrecipes,2
baidaroti,2
kolkatafoodie,2
kolkatagram,2
kolkatastreetfood,2
mumbaistreetfood,6
bhuna,2
streetstyle,1
dilsefoodie,10
lockdown2021,1
mistertikku,1
stayhome,2
staysafe,2
foodieincarnate,10
sodelhi,7
newdelhi,5
foodtalkindia,5
delhigram,5
delhifoodblogger,6
foodgasm,4
foodpornshare,4
foodlover,4
foodgram,4
foodiesofinstagram,4
indianstreetfood,4
delhistreetfood,4
delhifoodie,8
foodblogger,8
indianfoodie,4
desikhana,4
indianfoodblogger,6
indianfoodbloggers,6
delhifood,6
mumbai,5
delhi,7
ghaziabad,1
chaat,1
reelkarofeelkaro,3
reelitfeelit,3
reels,2
reelsinstagram,3
mainpuri,1
aloo,1
uniquefood,1
desifood,1
caramelcustard,1
indianrecipe,1
easyrecipe,1
soulfood,1
vscofood,1
f52grams,1
nomnom,1
foodcoma,1
delhi_igers,1
instacakes,1
pudding,1
all_shots,1
eatingfortheinsta,1
custard,1
cakeporn,1
instacake,1
yummy,1
simplerecipes,1
nooven,1
desserts,1
nobakecake,1
easycake,1
kolkata,3
alookabli,1
balushahi,1
shahdara,1
eastdelhi,1
silverplay,1
silverplaybutton,1
amarsirohi,2
creatorawards,1
delhifoodbloggers,4
delhibloggers,2
foodbloggers,2
lifestyleblogger,2
delhiblogger,2
mumbaiblogger,2
kolkatablogger,2
bangaloreblogger,2
youtubeaward,1
100K,1
goldplay,1
goldplaybutton,1
bloggerawards,1
youtubeawards,1
foodblog,1
gurudwara,1
banglasahib,1
gulabjamun,1
rasgulla,1
mithai,1
mountainscalling,1
naturalstream,1
mountainscape,1
mountainsarecalling,1
staycation,1
aahma,1
hotelstay,1
staycations,1
nainital,1
nainitalblogger,1
hotelblogger,1
indianhotels,1
delhihotels,1
malaitoast,1
SmallPlatesBigHearts,1
HappyHummusDay,1
GinerosityWithGin,1
